Index,Actual,Predicted,Score_or_Prob
0,0,0,3.303012077231819e-05
1,0,0,3.303012077231819e-05
2,0,0,7.961480599921714e-05
3,0,0,3.303012077231819e-05
4,0,0,3.303012077231819e-05
5,0,0,3.303012077231819e-05
6,0,0,3.303012077231819e-05
7,0,0,3.303012077231819e-05
8,0,0,3.303012077231819e-05
9,0,0,3.303012077231819e-05
